Place ID,Business Name,Phone,Phone Country Code,Website,Email,Emails,Website Phones,Facebook,Instagram,LinkedIn,Twitter,YouTube,Pinterest,TikTok,Category,Address,Latitude,Longitude,DirectionUrl,Rating,Reviews,Monday Hours,Tuesday Hours,Wednesday Hours,Thursday Hours,Friday Hours,Saturday Hours,Sunday Hours
0x3e5d2b1555555555:0x9e9ad051eb6315af,ADNOC Ruwais refinery Takreer,,,,,,,,,,,,,,Oil refinery,ADNOC Ruwais refinery Takreer - Al Ruwais Industrial City - Abu Dhabi - United Arab Emirates,24.1048998,52.7241914,https://www.google.com/maps?q=24.10489980%2C52.72419140,4.7,,,,Open 24 hours,,,,
0x3e5e33d61bcb99ab:0x6a4291074f5c7821,Emirates International Agricultural Advanced Company LLC,+971 2 559 6336,971,https://eiaac-uae.com/,info@eiaac-uae.com,info@eiaac-uae.com,,,,,,,,,Fruit and vegetable wholesaler,Emirates International Agricultural Advanced Company LLC - 21 شارع يِلّي - Al Nahdah - Al Nahdah East - Abu Dhabi - United Arab Emirates,24.2424378,54.7442819,https://www.google.com/maps?q=24.24243780%2C54.74428190,5,,,,8:30am–4:30pm,,,,
0x3e5e39babe0c3631:0xe44bc54d000d0c0f,Elite Agro Projects LLC,+971 50 107 4744,971,http://eliteprojects.ae/,info@website.com,info@website.com; projects@eliteprojects.ae,,https://www.facebook.com/EliteAgroProjectsae,https://www.instagram.com/elite_agro_projects/,https://www.linkedin.com/company/elite-agro-projects-llc/,,,,,Agricultural service,Elite Agro Projects LLC - Khalifa City - SE45 - Abu Dhabi - United Arab Emirates,24.4407851,54.6066105,https://www.google.com/maps?q=24.44078510%2C54.60661050,4.6,,,,8am–4:30pm,,,,
0x3e676747cb5d7229:0x340e68aae06db339,Silal Madinat Zayed Packhouse مركز سلال للفرز والتعبئة – مدينة زايد,+971 2 614 4444,971,https://www.silal.ae/,,,,https://www.facebook.com/SilalUAE/,https://www.instagram.com/silaluae/,https://www.linkedin.com/company/silaluae/,https://twitter.com/silaluae,,,,Agricultural production,Silal Madinat Zayed Packhouse مركز سلال للفرز والتعبئة – مدينة زايد - Al Furousiyya St - Madinat Za'id - MZE19 - Abu Dhabi - United Arab Emirates,23.6652357,53.727981,https://www.google.com/maps?q=23.66523570%2C53.72798100,3.8,,,,7am–3pm,,,,
0x3ef54bb669b4d7a3:0xb1e65a9f4340d3f2,Al Ain Farms Al Ain,+971 3 711 4600,971,http://alainfarms.com/,customercare@alainfarms.com,customercare@alainfarms.com,,https://www.facebook.com/AlAinFarms/,https://www.instagram.com/alainfarms/?hl=en,https://www.linkedin.com/company/alainfarms/?originalSubdomain=in,,https://www.youtube.com/channel/UCQuAQ1oqxdg74YZ_3UTVPvA,,,Dairy farm,Al Ain Farms Al Ain - Masakin District - Dubai - Al Ain Road (E66) - Before Town Center Al Ain (Emirates St) Exit - Abu Dhabi - United Arab Emirates,24.3974558,55.7951419,https://www.google.com/maps?q=24.39745580%2C55.79514190,4.4,,,,8:30am–6:30pm,,,,
0x3e5d2fa9fc0efd3f:0x3ed90df41b79eb07,Alas Emirates Ready mix - Hail & Ghasha Plant,+971 54 447 4926,971,,,,,,,,,,,,Manufacturer,Hail & Ghasha - Al Ruwais Industrial City - Abu Dhabi - United Arab Emirates,24.1099395,52.8671423,https://www.google.com/maps?q=24.10993950%2C52.86714230,5,,,,6am–6:30pm,,,,
0x3e5e2d10251264ed:0xc9e3cf0b162610a,Emirates Farm for Livestock and Agricultural Production LLC - (Al Wathba Dairy Farm),+971 2 585 6000,971,https://www.efalp.ae/,,,,,,,,,,,Dairy farm,Emirates Farm for Livestock and Agricultural Production LLC - (Al Wathba Dairy Farm) - Lane 4035 - Al Wathba - U46 - Abu Dhabi - United Arab Emirates,24.1913137,54.726203,https://www.google.com/maps?q=24.19131370%2C54.72620300,4.3,,,,7am–5pm,,,,
0x3e8ab75f0b1567ed:0xa3c81316fd178acf,شط العرب للمواد الزراعية Shat Al Arab Agriculture Materials,+971 3 766 9878,971,http://www.shatalarab.co/,,,,https://www.facebook.com/Shat.al.arab.agri/,https://www.instagram.com/shat.al.arab_agricultural/,,,,,,Agricultural Product Wholesaler,"شط العرب للمواد الزراعية Shat Al Arab Agriculture Materials - Khalifa street, Al Ain City - Abu Dhabi - United Arab Emirates",24.2256697,55.7671987,https://www.google.com/maps?q=24.22566970%2C55.76719870,4.3,,,,8am–10pm,,,,
0x3e42d4fc5ec00e21:0xd9871433226b6e13,Abu Dhabi Oil Refining Company (TAKREER) - West Technical Building,+971 50 901 7648,971,,,,,,,,,,,,Oil refinery,4M49+64M Abu Dhabi Oil Refining Company (TAKREER) - West Technical Building - Al Ruwais Industrial City - Abu Dhabi - United Arab Emirates,24.1055859,52.6677931,https://www.google.com/maps?q=24.10558590%2C52.66779310,5,,,,Open 24 hours,,,,
0x3e5e6676cddcd3fb:0x304710c14d2d1c5,Al Khareef Al Akhdar Agricultural Kae,+971 2 445 4911,971,http://alkharef.ae/,info@alkharef.ae,info@alkharef.ae,,,,,,,,,Agricultural machinery manufacturer,Al Khareef Al Akhdar Agricultural Kae - 210 Hamdan Bin Mohammed St - Al Hisn - W6 - Abu Dhabi - United Arab Emirates,24.4812204,54.3518809,https://www.google.com/maps?q=24.48122040%2C54.35188090,5,,,,8am–5pm,,,,
0x3e8aaf7e2bef40fd:0x1718f7d71a3ee0c4,GLOBAL FARMS,,,http://farms.global/,farm@farms.global,farm@farms.global,,https://www.facebook.com/farms.global,https://www.instagram.com/farms.global/,,,https://www.youtube.com/channel/UCbJVqr2g8OnOCEcOMqTiqog,,,Agricultural production,GLOBAL FARMS - Ghnaymah - Abu Dhabi - United Arab Emirates,24.1410531,55.6090995,https://www.google.com/maps?q=24.14105310%2C55.60909950,4.9,,,,8am–6:30pm,,,,
0x3e8ab161eaaaaaab:0xd259d8d9cae8f5d3,Abu Dhabi Agriculture and Food Safety Authority,+971 2 818 2222,971,,,,,,,,,,,,City government office,Abu Dhabi Agriculture and Food Safety Authority - Al Jimi - Civic Center - Abu Dhabi - United Arab Emirates,24.2375785,55.7346962,https://www.google.com/maps?q=24.23757850%2C55.73469620,4.5,,,,6am–2pm,,,,
0x3e8ab3e023ca08cf:0x215ff3f1b3a8d517,Al Ain Municipality (AAM) بلدية مدينة العين,+971 3 712 8000,971,https://www.dmt.gov.ae/ar-ae/aam,,,,https://www.facebook.com/alaincitymunicipality/,https://www.instagram.com/alainmun/,https://www.linkedin.com/company/department-of-municaplities-and-transport/mycompany/?viewAsMember=true,https://twitter.com/alainmun?lang=en,https://www.youtube.com/channel/UCVI6ANETk0l0U8z6T4QtPQQ,,,Local government office,Al Ain Municipality (AAM) بلدية مدينة العين - Al Jimi - Civic Center - Abu Dhabi - United Arab Emirates,24.2385042,55.7377759,https://www.google.com/maps?q=24.23850420%2C55.73777590,4.1,,,,8am–3pm,,,,
0x3e5d25001c36c1a1:0xc07f4845e0356afd,Hail and Ghasa Onshore Facility,,,,,,,,,,,,,,Oil refinery,4VGG+FHJ Hail and Ghasa Onshore Facility - Al Ruwais Industrial City - Abu Dhabi - United Arab Emirates,24.1262231,52.8763976,https://www.google.com/maps?q=24.12622310%2C52.87639760,4,,,,,,,,
0x3e5e30ed87d543a9:0x9403c09308005a75,هيئة أبوظبي للزراعة والسلامة الغذائية,+971 2 818 1111,971,,,,,,,,,,,,City government office,هيئة أبوظبي للزراعة والسلامة الغذائية - near Capital Mall - Mohamed Bin Zayed City - ME2 - Abu Dhabi - United Arab Emirates,24.3755154,54.5314096,https://www.google.com/maps?q=24.37551540%2C54.53140960,3.9,,,,7am–3pm,,,,
0x3e5e4728ed518667:0x57a04994d5c019d0,Abu Dhabi Agriculture and Food Safety Authority,+971 2 818 1111,971,https://www.adafsa.gov.ae/,,,,,,,,,,,Government office,"Abu Dhabi Agriculture and Food Safety Authority، Mohamed Bin, Prestige Tower 17 - Next Capital Mall - 79th St - Abu Dhabi - United Arab Emirates",24.3752528,54.5314493,https://www.google.com/maps?q=24.37525280%2C54.53144930,3.9,,,,7am–3pm,,,,
0x3e5e4e289fe5d533:0xbb5038a753f03b83,Gracia Farm,+971 50 695 3623,971,http://www.graciagroup.ae/,info@graciagroup.ae,info@graciagroup.ae,+971 52 400 7407,https://www.facebook.com/GraciaGroupOfficial,https://www.instagram.com/gracia_group_official/?hl=en,,,https://www.youtube.com/channel/UCWCRfCAu_6TEkFGqLUSzCoQ/featured,,,Agricultural association,farm 979 - Al Bahyah - Al Bahyah Farms 2 - Abu Dhabi - United Arab Emirates,24.5339375,54.6643125,https://www.google.com/maps?q=24.53393750%2C54.66431250,4.4,,,,"8am–12pm, 3–9pm",,,,
0x3e5e665cce80ac37:0x4ac2f91bccb44985,Al Dhafra International Group - ADIG,+971 2 627 4818,971,http://www.aldhafragroup.ae/,,,,,,,,,,,Corporate office,Al Dhafra International Group - ADIG - 6 شارع فاطمة بنت مبارك - Al Danah - Zone 1 - Abu Dhabi - United Arab Emirates,24.4905063,54.3719038,https://www.google.com/maps?q=24.49050630%2C54.37190380,3.5,,,,,,,,
0x3e6001e1dac1d797:0x73799dbd1c296d23,Al Ain Poultry Farm,+971 3 782 6022,971,https://www.alainfarms.com/our_farms/poultry-products-in-uae/,customercare@alainfarms.com,customercare@alainfarms.com,,https://www.facebook.com/AlAinFarms/,https://www.instagram.com/alainfarms/?hl=en,https://www.linkedin.com/company/alainfarms/?originalSubdomain=in,,https://www.youtube.com/channel/UCQuAQ1oqxdg74YZ_3UTVPvA,,,Poultry farm,Al Ain Poultry Farm - Al Sad - Al Saad 3 - Abu Dhabi - United Arab Emirates,24.1888292,55.4777706,https://www.google.com/maps?q=24.18882920%2C55.47777060,4,,,,8:30am–6:30pm,,,,
0x3e42d51fe7f3a835:0x83b4976554993b73,Ruwais Refinery West,,,,,,,,,,,,,,Oil refinery,4M7J+72Q Ruwais Refinery West - Al Ruwais Industrial City - Abu Dhabi - United Arab Emirates,24.1132066,52.6800989,https://www.google.com/maps?q=24.11320660%2C52.68009890,5,,,,,,,,
0x3e5e515f6a61b2c9:0xea314caf1a68cebb,Farm1 AlRahba Organic Farm Abu Dhabi,+971 2 641 6500,971,http://www.igruae.com/,igr@igruae.com,igr@igruae.com,02 641 6500,https://www.facebook.com/pg/igruae,https://www.instagram.com/IGRUAE/,,,,,,Farm,Farm1 AlRahba Organic Farm Abu Dhabi - Al Rahbah - Al Rahbah Farms - Abu Dhabi - United Arab Emirates,24.6103861,54.6953618,https://www.google.com/maps?q=24.61038610%2C54.69536180,4.2,,,,Closed,,,,
0x3e5e6647ca672b7d:0x360218d7470ac4b7,TAQA Distribution Head Office Abu Dhabi,+971 800 2332,971,https://taqadistribution.com/,,,,,,,,,,,Electric utility company,F9MG+FX4 TAQA Distribution Head Office Abu Dhabi - 12 Al Bawakhir St - Al Danah - Zone 1 - Abu Dhabi - United Arab Emirates,24.4834816,54.3782456,https://www.google.com/maps?q=24.48348160%2C54.37824560,3.2,,,,7am–6pm,,,,
0x3e8ab9b2800824b7:0x76d8ff7429afa152,Advanced agriculture system,+971 3 721 5080,971,http://www.aasuae.com/,advagri@yahoo.com,advagri@yahoo.com; info@aasuae.com,,,,,,,,,Serviced accommodation,"معسكر الشركات، - Al Noud - Wadi Al Ain 1 - Abu Dhabi - United Arab Emirates",24.1429397,55.8286062,https://www.google.com/maps?q=24.14293970%2C55.82860620,4,,,,,,,,
0x3e5d2da18922dc2b:0x4849fa804168833,ADOS Ruwais Service Centre,+971 2 634 4441,971,http://www.adosuae.com/,,,,https://www.facebook.com/sharer/sharer.php?u=http%3A%2F%2Fcodepen.io%2Fsunnysingh%2Fpen%2FOPxbgq,,,https://twitter.com/share?url=http%3A%2F%2Fcodepen.io%2Fsunnysingh%2Fpen%2FOPxbgq&text=Share Buttons Demo&via=sunnyismoi,,,,Mechanical engineer,2QM2+67V ADOS Ruwais Service Centre - Ghiyathi - Ghayathi-al Ruwais Industrial - Abu Dhabi - United Arab Emirates,24.0331009,52.7506646,https://www.google.com/maps?q=24.03310090%2C52.75066460,4.6,,,,7am–3pm,,,,
0x3e5e2543354aff73:0x2484b0fea00e792e,Aldhafra PV2 solar power plant,+971 55 620 7808,971,http://www.adpv2.ae/,dhafrah@adpv2.ae,dhafrah@adpv2.ae,,,,,,,,,Solar photovoltaic power plant,4HJ2+VM6 Aldhafra PV2 solar power plant - Unnamed Road - Al Bihouth - Al Dhafrah - Abu Dhabi - United Arab Emirates,24.132167,54.5516298,https://www.google.com/maps?q=24.13216700%2C54.55162980,4.7,,,,,,,,
0x3e5e6645edc1b635:0xe4ed1734da740256,بلدية مدينة أبوظبي - Abu Dhabi City Municipality,+971 800 555,971,https://www.dmt.gov.ae/en/adm,,,,https://www.facebook.com/AbuDhabiADM/,https://www.instagram.com/abudhabiadm/,https://www.linkedin.com/company/department-of-municaplities-and-transport/mycompany/?viewAsMember=true,https://twitter.com/AbuDhabi_ADM?ref_src=twsrc%5Egoogle%7Ctwcamp%5Eserp%7Ctwgr%5Eauthor,https://www.youtube.com/channel/UCANU4xqJWFpw_PxHPQpkyiw,,,Municipal administration office,F9QJ+FH2  St # 19 - Muroor Road Al Saada St W - Al Nahyan - E16 02 - Abu Dhabi - United Arab Emirates,24.4546659,54.3962506,https://www.google.com/maps?q=24.45466590%2C54.39625060,4,,,,7am–3pm,,,,
0x3e8ab74d05dee87d:0x5f59989a053a1e30,AGRILINK AGRICULTURAL,+971 58 868 7899,971,,,,,,,,,,,,Agricultural service,AGRILINK AGRICULTURAL - Industrial Area - Al Ain city - Abu Dhabi - United Arab Emirates,24.1848988,55.7645685,https://www.google.com/maps?q=24.18489880%2C55.76456850,5,,,,8am–9:30pm,,,,
0x3e5e3ff040167cc9:0xfdddfea7e8b5790f,Arabian Industries LLC GCC Branch - شركة الصناعات العربية فرع خليحية,+971 2 650 6152,971,http://www.arabian-industries.net/,,,,,,,,,,,Manufacturer,Arabian Industries LLC GCC Branch - شركة الصناعات العربية فرع خليحية - Khaybar St - Abu Dhabi Industrial City - ICAD II - Abu Dhabi - United Arab Emirates,24.3013135,54.4816446,https://www.google.com/maps?q=24.30131350%2C54.48164460,5,,,,8am–6pm,,,,
0x3e5e4e347bf2941d:0xbd019979d343062,Emirates Hydroponics Farms,+971 3 259 6403,971,,,,,,,,,,,,Farm,GM94+WHH Emirates Hydroponics Farms - Al Bahyah - Al Bahyah Farms 2 - Abu Dhabi - United Arab Emirates,24.5198068,54.6564996,https://www.google.com/maps?q=24.51980680%2C54.65649960,4.1,,,,"7am–12pm, 3–7pm",,,,
0x3e5e6661c6f890e9:0xe3fc503418aa7f4b,Ruwais Fertilizers Industries (Fertil),+971 2 602 1111,971,,,,,,,,,,,,Fertilizer Store,Sheik Khalifa Energy Complex - 3 Khalifa Bin Zayed The First St - Al Danah - Zone 1 - Abu Dhabi - United Arab Emirates,24.4978361,54.3670499,https://www.google.com/maps?q=24.49783610%2C54.36704990,4.7,,,,7am–3pm,,,,
0x3e6767b8b9b2b0b9:0xbc958217a047a733,Nurseries agricultural Alaibob,+971 56 562 2559,971,https://instagram.com/alyarboob?igshid=YmMyMTA2M2Y=,,,,,,,,,,,Plant nursery,Nurseries agricultural Alaibob - Madinat Za'id - Defense North - Abu Dhabi - United Arab Emirates,23.6454726,53.7090022,https://www.google.com/maps?q=23.64547260%2C53.70900220,4.3,,,,6am–11pm,,,,
0x3e8ab95b1c32f6cb:0x95b9100a669a0c54,Al Tayebat Agricultural Material & Services Est,+971 3 722 0711,971,https://tayebat-agri.com/,tayeb@tayebat-agri.com,tayeb@tayebat-agri.com; tayebat@eim.ae,,https://www.facebook.com/,https://www.instagram.com/,,https://twitter.com/,,https://www.pinterest.com/,,Agricultural service,6QC7+C5W Al Tayebat Agricultural Material & Services Est - Central District - Al Rubainah - Abu Dhabi - United Arab Emirates,24.221063,55.762938,https://www.google.com/maps?q=24.22106300%2C55.76293800,4.8,,,,"8am–2pm, 5–8pm",,,,
0x3e5d2591d9fe575b:0xe21ce2a0b08bfd9b,Munayif Processing Plant,,,,,,,,,,,,,,Oil refinery,4VFG+P58 Munayif Processing Plant - Al Ruwais Industrial City - Abu Dhabi - United Arab Emirates,24.1242763,52.8754467,https://www.google.com/maps?q=24.12427630%2C52.87544670,1,,,,,,,,
0x3e5e36c658647d0b:0xe9b86fa6bb20440f,Baniyas Slaughterhouse,+971 800 850,971,http://www.dmt.gov.ae/,,,,https://www.facebook.com/AbuDhabiDMT,https://www.instagram.com/abudhabidmt/?hl=en,https://www.linkedin.com/company/department-of-municaplities-and-transport/mycompany/?viewAsMember=true,https://twitter.com/AbuDhabiDMT,https://www.youtube.com/channel/UCBQC-M_n5-6VTulheIZ6VzA,,,Slaughterhouse,Baniyas Slaughterhouse - Madinat Al Riyad - RD109 - Abu Dhabi - United Arab Emirates,24.3053131,54.671625,https://www.google.com/maps?q=24.30531310%2C54.67162500,3.9,,,,6:30am–5:30pm,,,,
0x3e5e5101d6daeb13:0xfc78c2b44b2eb429,Mazaraa Farm Shop,+971 50 999 0347,971,https://www.instagram.com/mazaraashop/,,,,,,,,,,,Farm shop,Mazaraa Farm Shop - 11 Lane 438 - Al Bahyah - Al Bahyah Farms - Abu Dhabi - United Arab Emirates,24.5779024,54.651727,https://www.google.com/maps?q=24.57790240%2C54.65172700,4.5,,,,8am–8pm,,,,
0x3e67671efc351c99:0x569cc1e50b38c257,Flying Saucer Agricultural,+971 50 383 3097,971,https://instagram.com/flyingsaucer2015,,,,,,,,,,,Agricultural Engineer,MP5C+69J Flying Saucer Agricultural - Madinat Zayed - MZE16 - Abu Dhabi - United Arab Emirates,23.6580428,53.7208965,https://www.google.com/maps?q=23.65804280%2C53.72089650,5,,,,8am–9pm,,,,
0x3e8ab6c5d5c742cd:0xf8f23818178863c7,Al Sham Agriculture,+971 3 721 2233,971,http://alsham-agri.com/,support@alsham-agri.com,support@alsham-agri.com,,https://www.facebook.com/alsham.agri,,,,,,,Agricultural service,"Al Sham Agriculture - Behind Audi Showroom, Sanaiya، Al Ain - 118th St - Abu Dhabi - United Arab Emirates",24.2002249,55.7632286,https://www.google.com/maps?q=24.20022490%2C55.76322860,3.3,,,,"8:30am–1pm, 5:30–9pm",,,,
0x3e5d2bbfd1894393:0x49d3b89f68eba5a3,Borouge,+971 2 708 0000,971,http://www.borouge.com/,info@borouge.com,info@borouge.com,,,https://www.instagram.com/borouge/,https://www.linkedin.com/company/borouge/,https://twitter.com/borouge,,,,Chemical plant,Borouge - Ruwais - Abu Dhabi - United Arab Emirates,24.1169123,52.764677,https://www.google.com/maps?q=24.11691230%2C52.76467700,4.8,,,,,,,,
0x3e5e3f7884e0c443:0x80b4706d2809ee2,FALCOR Engineering & Contracting Services warehouse,+971 2 634 2555,971,http://www.falcor-eng.com/,info@falcor-eng.com,info@falcor-eng.com,+971 26342555,,,https://www.linkedin.com/company/falcor-formerly-known-as-dhafir-engg-services/,,,,,Oil field equipment supplier,FALCOR Engineering & Contracting Services warehouse - Musaffah - MW5 - Abu Dhabi - United Arab Emirates,24.3161907,54.4785804,https://www.google.com/maps?q=24.31619070%2C54.47858040,4.2,,,,8am–5pm,,,,
0x3e5fd28f70bb389d:0x8bedd92a97510ca9,Al Dahra Agriculture - Al Faya,+971 2 656 5000,971,http://www.aldahra.com/,,,,,https://www.instagram.com/aldahraholding/,https://www.linkedin.com/company/al-dahra-agriculture/,https://x.com/AlDahraHolding,https://youtu.be/CEAZYI16wt4,,,Animal feed store,6RQC+9GM Al Dahra Agriculture - Al Faya - Al Haffar - Abu Dhabi - United Arab Emirates,24.2384683,54.8212818,https://www.google.com/maps?q=24.23846830%2C54.82128180,4,,,,7am–5pm,,,,
0x3e8ab134eab0a5e5:0x11590dd821089973,Al Maidoor Agricultural Equipment LLC (Al Ain Branch),+971 3 762 0973,971,http://almaidoor.ae/shop,sales@almaidoor.ae,sales@almaidoor.ae,+971 56 122 5256; +971 56 256 5444; 271302218,https://www.facebook.com/AMAEDXB/,https://www.instagram.com/explore/locations/102353824632720/al-maidoor-agricultural-equipment-llc/?hl=en,,https://x.com/AMAE_UAE/with_replies,,,,Agricultural service,Al Maidoor Agricultural Equipment LLC (Al Ain Branch) - Khalifa Bin Zayed The First St - Industrial Area - Batha Al Hayer - Abu Dhabi - United Arab Emirates,24.1949468,55.7539777,https://www.google.com/maps?q=24.19494680%2C55.75397770,4.6,,,,"9am–2pm, 5–9pm",,,,
0x3e5d2ad9450cc0d5:0xabc43cafbfc2cd8,Gasco Ruwais,+971 54 398 8527,971,,,,,,,,,,,,Oil refinery,GASCO Ruwais Plant - Al Ruwais Industrial City - Abu Dhabi - United Arab Emirates,24.1277357,52.7180856,https://www.google.com/maps?q=24.12773570%2C52.71808560,4.3,,,,,,,,
0x3e5e3f6db74fc719:0x9cd355b93754db02,National Feed and Flour.,+971 2 550 1222,971,http://nffpm.ae/,,,19211797,https://www.facebook.com/nffpm.social/,https://www.instagram.com/nffpm/,https://www.linkedin.com/company/national-feed-and-flour-production-and-marketing-company-llc,https://twitter.com/nffpm_social,https://www.youtube.com/channel/UC4e4hjX1cHJsEla6lEwf_qg,,,Produce wholesaler,8F5R+C6Q National Feed and Flour. - Abu Dhabi Industrial City - ICAD III - Abu Dhabi - United Arab Emirates,24.3085899,54.490612,https://www.google.com/maps?q=24.30858990%2C54.49061200,4.1,,,,Open 24 hours,,,,
0x3e5e6637f6a85a53:0x79b7118b23bf03d2,TAQA Transmission Headquarters,+971 2 416 4000,971,https://taqatransmission.com/,,,,,https://www.instagram.com/taqatransmission/,https://www.linkedin.com/company/taqa-transmission,https://x.com/TAQATransm,,,,Water utility company,TAQA Transmission Headquarters - Al Falah St - Al Danah - Zone 1 - Abu Dhabi - United Arab Emirates,24.4839771,54.3801524,https://www.google.com/maps?q=24.48397710%2C54.38015240,4.4,,,,7am–5pm,,,,
0x3e5e666030721349:0x17bbc1db3911c1df,Al Dhafra Petroleum,+971 2 601 2455,971,,,,,,,,,,,,Petroleum Products Company,Al Dhafra Petroleum - 3 Khalifa Bin Zayed The First St - Al Danah - Zone 1 - Abu Dhabi - United Arab Emirates,24.4979313,54.3663042,https://www.google.com/maps?q=24.49793130%2C54.36630420,5,,,,,,,,
0x3e8ab6cac7d35989:0x4c3bbaf5dc5de2a3,Agricultural Materials Company Ltd WLL/ Head office,+971 3 764 1064,971,http://www.agrimatco.ae/,amc.emirates@agrimatco-me.com,amc.emirates@agrimatco-me.com,97137641064,https://www.facebook.com/Agrimatco.ae,https://www.instagram.com/agrimatco.ae/,,,https://www.youtube.com/channel/UCZ18KsvMZ4jt5iNeWkxpA2g,,,Agricultural service,Agricultural Materials Company Ltd WLL/ Head office - 118 Street (Street - Central District - Hai Qesaidah - Abu Dhabi - United Arab Emirates,24.2216244,55.7586466,https://www.google.com/maps?q=24.22162440%2C55.75864660,4.4,,,,7:30am–4:30pm,,,,
0x3e42d5bee9848e87:0xfe1a0cd6bec157b6,Dome Dz Camp,+91 99611 69705,91,,,,,,,,,,,,Oil refinery,4J9R+9WC Dome Dz Camp - Unnamed Road - Abu Dhabi - United Arab Emirates,24.1184331,52.6422702,https://www.google.com/maps?q=24.11843310%2C52.64227020,2.6,,,,,,,,
0x3e5e662726afca63:0x7f3921cc1c25f6b9,Tadweer (The Center of Waste Management - Abu Dhabi),+971 2 818 5555,971,https://www.tadweer.ae/,,,,https://www.facebook.com/tadweer.ad,https://www.instagram.com/tadweer.group,https://www.linkedin.com/company/tadweer-group/,https://twitter.com/Tadweer_group,https://www.youtube.com/@Tadweer-Group,,,Government office,Tadweer (The Center of Waste Management - Abu Dhabi) - Jabal Al Hazm St - Al Muntazah - Zone 1 - Abu Dhabi - United Arab Emirates,24.4296413,54.4630169,https://www.google.com/maps?q=24.42964130%2C54.46301690,2.7,,,,8am–3pm,,,,
0x3e67672fd7240313:0xa7dc90741ddb71f4,Falcon Pack Abu Dhabi,+971 2 677 8052,971,https://falconpack.com/,,,,,,,,,,,Packaging company,Falcon Pack Abu Dhabi - Madinat Zayed - Industrial - Abu Dhabi - United Arab Emirates,23.662129,53.7282729,https://www.google.com/maps?q=23.66212900%2C53.72827290,4.1,,,,8am–9pm,,,,
0x3e5d29b81e709d41:0xc997de2514412bef,Ruwais Salt ponds,+971 56 199 2490,971,http://www.ajc.com/,,,,https://facebook.com/ajc,https://www.instagram.com/ajcnews,,https://x.com/ajc,,,,Industrial chemicals wholesaler,4RFG+XRM Ruwais Salt ponds - Unnamed Road - أبو ظبي - United Arab Emirates,24.1249636,52.8270356,https://www.google.com/maps?q=24.12496360%2C52.82703560,5,,,,6am–6pm,,,,
0x3e5e3fcf7eea7909:0x3db9bd042c2c86b0,Emirates Food Industries PJSC,+971 2 499 6999,971,http://www.efi.ae/,,,,,,,,,,,Agricultural production,Emirates Food Industries PJSC - Abu Dhabi Industrial City - ICAD II - Abu Dhabi - United Arab Emirates,24.2885607,54.4635791,https://www.google.com/maps?q=24.28856070%2C54.46357910,4.3,,,,8am–5:30pm,,,,
0x3e5e40f0b753c125:0x646664de7baf0204,"Western Bainoona Group, Corporate Office",+971 2 551 3222,971,https://westernbainoonagroup.com/,info@wbg.ae,info@wbg.ae,+966 542 911 251; +973 6639 6031,https://www.facebook.com/WBG.AD/,https://www.instagram.com/westernbainoonagroup/,https://www.linkedin.com/company/western-bainoona-group/,https://x.com/WBGUAE,https://www.youtube.com/@westernbainoonagroup,,,Real Estate Builders & Construction Company,"Western Bainoona Group, Corporate Office - Al Busnad 1 St - Musaffah - M39 - Abu Dhabi - United Arab Emirates",24.354546,54.4838714,https://www.google.com/maps?q=24.35454600%2C54.48387140,4.4,,,,8am–5:30pm,,,,
0x3e676500625005a7:0xaa67c59ddb67dea5,Madinat Zayed - Wadi Al Darb West - Abu Dhabi,+971 55 483 3500,971,,,,,,,,,,,,Animal feed store,مؤسسة زعفران خان لتجارة الأعلاف - Madinat Zayed - Wadi Al Darb West - Abu Dhabi - United Arab Emirates,23.6536748,53.629452,https://www.google.com/maps?q=23.65367480%2C53.62945200,5,,,,Open 24 hours,,,,
0x3e8aa491379ce66d:0xbe77862813d9b2f4,Emirates Bio Fertilizer Factory - مصنع الإمارات للأسمدة البيولوجية,+971 3 783 8600,971,http://www.ebff.ae/,info@ebff.ae,info@ebff.ae,,https://www.facebook.com/emiratesbiofert,https://www.instagram.com/emiratesbiofert/,https://www.linkedin.com/company/emiratesbiofert,,https://www.youtube.com/channel/UCBxDJkcZ24vlE3cxiyVuCvA,,,Fertilizer Store,Emirates Bio Fertilizer Factory - مصنع الإمارات للأسمدة البيولوجية - Industrial City - Mafqar 1 - Abu Dhabi - United Arab Emirates,24.0612536,55.6393866,https://www.google.com/maps?q=24.06125360%2C55.63938660,4.3,,,,7am–4pm,,,,
0x3e42d457689e258f:0xc62454fce256559d,AGR Plant Nursery,,,,,,,,,,,,,,Wholesale plant nursery,3MW4+GGR AGR Plant Nursery - Unnamed Road - Abu Dhabi - United Arab Emirates,24.0963676,52.656252,https://www.google.com/maps?q=24.09636760%2C52.65625200,2,,,,7am–3pm,,,,
0x3e5e676c4ca6babf:0x80dca98343bf466,Department of Municipalities and Transport (DMT) دائرة البلديات والنقل,+971 2 301 3333,971,https://www.dmt.gov.ae/,,,,https://www.facebook.com/AbuDhabiDMT,https://www.instagram.com/abudhabidmt/?hl=en,https://www.linkedin.com/company/department-of-municaplities-and-transport/mycompany/?viewAsMember=true,https://twitter.com/AbuDhabiDMT,https://www.youtube.com/channel/UCBQC-M_n5-6VTulheIZ6VzA,,,Government office,"Department of Municipalities and Transport (DMT) دائرة البلديات والنقل - 45, Ahl Al 'Azm St, Al Nahyan, Abu Dhabi ٤٥, 22221 - شارع أهْل العَزْم - Al Nahyan - Abu Dhabi - United Arab Emirates",24.4637998,54.3873949,https://www.google.com/maps?q=24.46379980%2C54.38739490,3.7,,,,7:30am–3:30pm,,,,
0x3e67672a4423c835:0x1f8a131b8f344e1a,مزرعة,,,,,,,,,,,,,,Tree farm,مزرعة - شارع الغبات - Madinat Za'id - Defense North - Abu Dhabi - United Arab Emirates,23.6414108,53.7166469,https://www.google.com/maps?q=23.64141080%2C53.71664690,4,,,,,,,,
0x3e8ab6dcc34d3597:0x50803f2770c905e5,National Industrial Co. W.L.L - Al Ain Branch,+971 3 764 1614,971,http://www.nicuae.com/,na_agri@emirates.net.ae,na_agri@emirates.net.ae; naedhaid@emirates.net.ae; nic_ain@emirates.net.ae; nic_uae@emirates.net.ae,,https://www.facebook.com/nicuae,https://www.instagram.com/nic_uae/,https://www.linkedin.com/company/national-industrial-co/mycompany/,,,,,Agricultural service,National Industrial Co. W.L.L - Al Ain Branch - 10 St - Industrial Area - Batha Al Hayer - Abu Dhabi - United Arab Emirates,24.1952704,55.7511749,https://www.google.com/maps?q=24.19527040%2C55.75117490,5,,,,"8am–1:30pm, 4:30–7:30pm",,,,
0x3e5e35d8aa051b71:0xf0cbc7f9909b75a8,British Home Nursery Al Shamkha City حضانة بريتش هوم الشامخة,+971 2 583 1183,971,https://www.bhn.ae/,info@bhn.ae,info@bhn.ae,+971 50 511 9606; 800 2748474,https://www.facebook.com/britishhomenursery,https://www.instagram.com/britishhomenursery/,,https://x.com/bh_nursery,https://www.youtube.com/channel/UCEDbTdDjCln_PK0LAKiXMNA,,,Nursery school,British Home Nursery Al Shamkha City حضانة بريتش هوم الشامخة - Al Mustawa St - Al Shamkhah - SH24 - Abu Dhabi - United Arab Emirates,24.3556148,54.6973181,https://www.google.com/maps?q=24.35561480%2C54.69731810,4.7,,,,7am–5pm,,,,
0x3e5e66f6155b22d3:0x54fcba4f324df4df,Electra Abu Dhabi LLC,+971 2 677 8077,971,https://www.electra.ae/,,,,,,,,,,,Electrical supply store,"Electra Abu Dhabi LLC، Opposite to Municipality - Asfar Salam apartments - Sheikh Zayed Bin Sultan St - Abu Dhabi - United Arab Emirates",24.4886199,54.3802704,https://www.google.com/maps?q=24.48861990%2C54.38027040,4.3,,,,8:30am–9:30pm,,,,
0x3e8ac81b01212127:0x44451e5f8f9bfe0f,Al Ain Mineral Water Bottling Factory,+971 3 768 6500,971,,,,,,,,,,,,Bottled water supplier,5VX3+5WQ Al Ain Mineral Water Bottling Factory - Malaqit - Al Nab'ah - Abu Dhabi - United Arab Emirates,24.197965,55.854872,https://www.google.com/maps?q=24.19796500%2C55.85487200,3.6,,,,8am–5pm,,,,
0x3e42d4a1e29dc165:0x39c3856beaf71636,RUWAIS AUTOMATIC SLAUGHTER HOUSE,+971 2 876 8576,971,,,,,,,,,,,,Slaughterhouse,3MGJ+PHF RUWAIS AUTOMATIC SLAUGHTER HOUSE - Unnamed Road - Abu Dhabi - United Arab Emirates,24.0768221,52.6814123,https://www.google.com/maps?q=24.07682210%2C52.68141230,4.2,,,,7am–6pm,,,,
0x3e5e43ccf2ec8801:0xa9bd702d19fe4727,Abu Dhabi Media Office (ADMO),+971 2 696 6666,971,https://www.mediaoffice.abudhabi/,,,,https://www.facebook.com/ADmediaoffice/,https://www.instagram.com/admediaoffice/,https://www.linkedin.com/company/admediaoffice,https://twitter.com/admediaoffice,,,,Government office,International Tower - شارع الكرامة - Al Rawdah - W59 01 - Abu Dhabi - United Arab Emirates,24.4207128,54.4407571,https://www.google.com/maps?q=24.42071280%2C54.44075710,4,,,,7:30am–4:30pm,,,,
0x3e8ab1196440eaf9:0x26e8fc0b8c3439c9,MA Fodder Trading LLC,,,,,,,,,,,,,,Mill,MA Fodder Trading LLC - Al Muwaij'i - Majlood - Abu Dhabi - United Arab Emirates,24.2173764,55.7225056,https://www.google.com/maps?q=24.21737640%2C55.72250560,5,,,,8:30am–5pm,,,,
0x3e42d548756b529f:0x4e8c76ad9d1e3fbf,Samsung Engineering - CBDC Project Site Office,+971 2 809 0750,971,http://samsungengineering.com/,,,,https://www.facebook.com/SAMSUNGEnA,,https://www.linkedin.com/company/samsungena,,https://www.youtube.com/@Samsungena,,,Oil refinery,"4MQR+3VM Samsung Engineering - CBDC Project Site Office - Industrial Complex,Ruwais - Abu Dhabi - United Arab Emirates",24.1377029,52.6921833,https://www.google.com/maps?q=24.13770290%2C52.69218330,3.4,,,,,,,,
0x3e5e413a38770fc3:0x952d3335202fc4a7,Capital Zone Inspection & Calibration Services Abu Dhabi,+971 55 621 7206,971,http://www.capitalzoneics.com/,info@capitalzoneics.com,info@capitalzoneics.com,+971 52 668 7127; +971 55 621 7206; 55 621 7206,https://www.facebook.com/fahad.awan.146,https://www.instagram.com/mr.fahad.alvi/,https://ae.linkedin.com/in/fahad-alvi-176a716b,https://twitter.com/Mrfahadalvi/,https://www.youtube.com/watch?v=YLN1Argi7ik,,,Mechanical engineer,Capital Zone Inspection & Calibration Services Abu Dhabi - Musaffah - M17 - Abu Dhabi - United Arab Emirates,24.3648657,54.4898915,https://www.google.com/maps?q=24.36486570%2C54.48989150,4.8,,,,8am–6pm,,,,
0x3e5fab36f073ba9d:0x77fc0943b7066c1f,Family Farm Abu Dhabi,+971 52 508 0488,971,"https://maps.google.com/?q=24.630514,54.800552",,,,,,,,,,,Farm,Family Farm Abu Dhabi - 3 Lane 1336 - Khalifa Industrial - Khalifa Industrial City B - Abu Dhabi - United Arab Emirates,24.7189261,54.8168175,https://www.google.com/maps?q=24.71892610%2C54.81681750,3.7,,,,10am–1am,,,,
0x3ef5492005cdb47f:0x944c52ca83ceca4d,National dairy farm,+971 3 783 2227,971,,,,,,,,,,,,Farm,FQ4H+QRF National dairy farm - Masakin - Al Shabhat - Abu Dhabi - United Arab Emirates,24.4569293,55.7795372,https://www.google.com/maps?q=24.45692930%2C55.77953720,4.5,,,,,,,,
0x3e42d514132ec513:0xd08f6be81cd525,Central Control Room,,,,,,,,,,,,,,Oil refinery,4M59+JRR Central Control Room - Unnamed Road - Al Ruwais Industrial City - Abu Dhabi - United Arab Emirates,24.1091034,52.6695189,https://www.google.com/maps?q=24.10910340%2C52.66951890,5,,,,,,,,
0x3e5e3500170aa8c1:0x4443f45fe0fbd381,ريتايل لبيع الخضروات والمواد الغذائيه / RETAIL VEGETABLES SALE FOOD STUFF,+971 54 428 8627,971,,,,,,,,,,,,Grocery store,ريتايل لبيع الخضروات والمواد الغذائيه / RETAIL VEGETABLES SALE FOOD STUFF - 24 Tawi Al Aslab St - Al Shamkhah - SH24 - Abu Dhabi - United Arab Emirates,24.3550866,54.6985827,https://www.google.com/maps?q=24.35508660%2C54.69858270,1,,,,6am–1pm,,,,
0x3e5e666a57034075:0xc446907346010ceb,Al Ain Farm Shops - Abu Dhabi Outlet,+971 3 782 6022,971,https://www.alainfarms.com/,customercare@alainfarms.com,customercare@alainfarms.com,,https://www.facebook.com/AlAinFarms/,https://www.instagram.com/alainfarms/?hl=en,https://www.linkedin.com/company/alainfarms/?originalSubdomain=in,,https://www.youtube.com/channel/UCQuAQ1oqxdg74YZ_3UTVPvA,,,Corporate office,F9J8+9H2 Al Ain Farm Shops - Abu Dhabi Outlet - Al Danah - Zone 1 - Abu Dhabi - United Arab Emirates,24.4808875,54.3663939,https://www.google.com/maps?q=24.48088750%2C54.36639390,4.4,,,,9am–5pm,,,,
0x3e5fd1003facfd15:0xabdd650866228f9f,Fodder Market,,,,,,,,,,,,,,Market,Fodder Market - 1 Lane 2658 - Dhaharat Al Teeb - Abu Dhabi - United Arab Emirates,24.1992125,54.9063906,https://www.google.com/maps?q=24.19921250%2C54.90639060,,,,,,,,,
0x3e42d470720f31c7:0x5f43a72c81a60cf3,FRESHWAY SUPERMARKET LLC,+971 54 402 2041,971,,,,,,,,,,,,Supermarket,FRESHWAY SUPERMARKET LLC - Al Ruwais Industrial City - Abu Dhabi - United Arab Emirates,24.0713466,52.6482452,https://www.google.com/maps?q=24.07134660%2C52.64824520,4.3,,,,8am–1am,,,,
0x3e5e6648857754f9:0x1062acfdc9d96837,TAQA Water Solutions Head Office,+971 800 555,971,https://taqa-ws.com/,care@taqa-ws.com,care@taqa-ws.com,02-818-0000,,https://www.instagram.com/taqa_ws,https://www.linkedin.com/company/taqa-water-solutions,https://x.com/TAQA_WS,https://www.youtube.com/@taqawatersolutions,,,Sewage treatment plant,sky tower - 14 Floor - Al Reem Island - Shams Abu Dhabi - Abu Dhabi - United Arab Emirates,24.4960811,54.4088696,https://www.google.com/maps?q=24.49608110%2C54.40886960,4.2,,,,9am–1pm,,,,
0x3e5f0d60f9b007cb:0x26c2dd90ce4366c1,Al Ain Farms Dubai,+971 4 880 4123,971,http://www.alainfarms.com/,customercare@alainfarms.com,customercare@alainfarms.com,,https://www.facebook.com/AlAinFarms/,https://www.instagram.com/alainfarms/?hl=en,https://www.linkedin.com/company/alainfarms/?originalSubdomain=in,,https://www.youtube.com/channel/UCQuAQ1oqxdg74YZ_3UTVPvA,,,Corporate office,Al Ain Farms Dubai - Jabal Ali Industrial First - Dubai - United Arab Emirates,24.9845587,55.1136514,https://www.google.com/maps?q=24.98455870%2C55.11365140,4.6,,,,8am–6pm,,,,
0x3e5d33fe786448c5:0x4de6837c7f45c369,مخازن المواد الغذائية,+971 50 811 7572,971,https://www.dmt.gov.ae/,,,,https://www.facebook.com/AbuDhabiDMT,https://www.instagram.com/abudhabidmt/?hl=en,https://www.linkedin.com/company/department-of-municaplities-and-transport/mycompany/?viewAsMember=true,https://twitter.com/AbuDhabiDMT,https://www.youtube.com/channel/UCBQC-M_n5-6VTulheIZ6VzA,,,Agricultural cooperative,مخازن المواد الغذائية - Ghiyathi - Ghayathi West 1 - Abu Dhabi - United Arab Emirates,23.9454574,52.7864952,https://www.google.com/maps?q=23.94545740%2C52.78649520,4.3,,,,8am–3pm,,,,
0x3e5e663df6c6eb1f:0x6e0df0de1faf6d02,Arabian Sea Flour Mill,+971 2 641 6727,971,,,,,,,,,,,,Flour mill,Arabian Sea Flour Mill - Al Danah - Zone 1 - Abu Dhabi - United Arab Emirates,24.4728301,54.3688646,https://www.google.com/maps?q=24.47283010%2C54.36886460,4.7,,,,9am–11:30pm,,,,
0x3e8ab1e29b92a77d:0xa1e8e7e1bb406697,ZAHRAT AL WADI AGRICULTURE,+971 52 477 9093,971,,,,,,,,,,,,Agricultural production,ZAHRAT AL WADI AGRICULTURE - Khalifa Bin Zayed St - Al Muwaij'i - Majlood - Abu Dhabi - United Arab Emirates,24.220272,55.7142228,https://www.google.com/maps?q=24.22027200%2C55.71422280,,,,,,,,,
0x3e5e3f16f6142649:0xdb4b2880bb290e34,TechnipFMC - ICAD - Mussaffah,+971 2 885 3777,971,http://www.technipfmc.com/,,,,,,,,,,,Manufacturer,TechnipFMC - ICAD - Mussaffah - TechnipFMC icad mussafah - road - Abu Dhabi - United Arab Emirates,24.3013439,54.4975204,https://www.google.com/maps?q=24.30134390%2C54.49752040,4.7,,,,7:30am–3:30pm,,,,
0x3e5d25ac2b1d1699:0xeee110fa99cae95a,Pioneer Ready Mix - Ruwais,+971 55 100 3510,971,http://www.pioneerrm.ae/,,,,https://www.facebook.com/sharer/sharer.php?u=https://pioneerrm.ae/portfolio/abu-dhabi-cricket-stadium/,,https://www.linkedin.com/shareArticle?mini=true&url=https://pioneerrm.ae/portfolio/abu-dhabi-cricket-stadium/,https://twitter.com/share?url=https://pioneerrm.ae/portfolio/abu-dhabi-cricket-stadium/,,,,Ready mix concrete supplier,Pioneer Ready Mix - Ruwais - Al Ruwais Industrial City - Abu Dhabi - United Arab Emirates,24.1081411,52.8880503,https://www.google.com/maps?q=24.10814110%2C52.88805030,,,,,8am–8pm,,,,
0x3e5e662a6377fe6f:0xbff2be192ebb5482,Department Of Urban Planning And Municipalities,+971 2 409 6000,971,,,,,,,,,,,,Government office,"Al, Building Block B - Al Mamoura - Muroor Rd - Al Nahyan - Abu Dhabi - United Arab Emirates",24.4633252,54.3880383,https://www.google.com/maps?q=24.46332520%2C54.38803830,3.9,,,,8:30am–4:30pm,,,,
0x3e432b99a2d1e615:0x8c1c974a2abf5f04,Vendixstar vending equipment trading LLC-SPC,+971 52 711 9575,971,http://vendixstar.com/,info@vendixstar.com,info@vendixstar.com; sabeelshabil6@gmail.com,+971 52 514 7587; +971 52 711 9575,,,,,,,,Vending machine supplier,Vendixstar vending equipment trading LLC-SPC - Al Ruwais Industrial City - Abu Dhabi - United Arab Emirates,24.1632476,52.6344584,https://www.google.com/maps?q=24.16324760%2C52.63445840,5,,,,8am–5:30pm,,,,
0x3e5e67032c26e111:0x1a2ebadeb71e8be1,Al Waha Hygiene Pest Control and Facilities Services LLC,+971 56 695 2225,971,https://www.alwahahygiene.ae/,info@alwahahygiene.ae,info@alwahahygiene.ae,+971 56 695 2225,https://www.facebook.com/alwahahygiene,https://www.instagram.com/alwahahygiene/,https://www.linkedin.com/company/al-waha-hygiene-pestcontrol/,https://twitter.com/alwahahygiene,https://www.youtube.com/channel/UCoYJQHITYkNEuZnmW0ESwUw,https://in.pinterest.com/alwahahygienepestcontrol/,,Pest control service,"Al Waha Hygiene Pest Control and Facilities Services LLC - 101, Block B, MW-5 - Musaffah - Industrial - Abu Dhabi - United Arab Emirates",24.3412099,54.4673397,https://www.google.com/maps?q=24.34120990%2C54.46733970,4.7,,,,Open 24 hours,,,,
0x3e5d2da206ecd947:0x65efcc5806941b91,Pioneers Catering Services L.L.C,+971 2 876 1010,971,http://pioneerc.ae/,,,,,,,,,,,Serviced accommodation,Pioneers Catering Services L.L.C - Al Fard street Ghayathi - Road - Al Ruwais - Abu Dhabi - United Arab Emirates,24.0322007,52.7516445,https://www.google.com/maps?q=24.03220070%2C52.75164450,4.1,,,,,,,,
0x3e5e668aaa17cc3f:0x9e94c618791a9e92,Toshiba Corporation,+971 2 676 5700,971,,,,,,,,,,,,Manufacturer,F9X9+P8F Toshiba Corporation - East Corniche Road - Al Danah - E9 01 - Abu Dhabi - United Arab Emirates,24.4993174,54.3682916,https://www.google.com/maps?q=24.49931740%2C54.36829160,4.2,,,,,,,,
0x3e5d2500371542df:0x1903d8cb6ba2ce26,"Techno Engineering Services PVT Limited, HAIL AND GHASHA DEVELOPMENT PROJECT PACKAGE 2- ONSHORE FACILITY.",,,,,,,,,,,,,,Oilfield,"4V8G+97H Techno Engineering Services PVT Limited, HAIL AND GHASHA DEVELOPMENT PROJECT PACKAGE 2- ONSHORE FACILITY. - Al Ruwais Industrial City - Abu Dhabi - United Arab Emirates",24.115939,52.8757489,https://www.google.com/maps?q=24.11593900%2C52.87574890,,,,,,,,,
0x3e5e3f5a4bd007a7:0x9016c07bd9e0c6b6,Spaceage Group - Electrical Switchgear,+971 2 550 0150,971,http://www.spaceage-electrical.com/,,,,,,,,,,,Manufacturer,8GF5+P87 Spaceage Group - Electrical Switchgear - Abu Dhabi Industrial City - ICAD I - Abu Dhabi - United Arab Emirates,24.324279,54.5082858,https://www.google.com/maps?q=24.32427900%2C54.50828580,4.4,,,,8:30am–5:30pm,,,,
0x3e5d2b005d9e01bb:0x8c7e1fa687d3ed56,Unit-952 MERAM,,,,,,,,,,,,,,Manufacturer,4PGC+PRH Unit-952 MERAM - Al Ruwais Industrial City - Abu Dhabi - United Arab Emirates,24.1268133,52.7220994,https://www.google.com/maps?q=24.12681330%2C52.72209940,,,,,,,,,
0x3e5e66e94cf8daed:0xeaa8ce17746c1923,Adplants - Umm Al Salsal Trading Flowers and Indoor Plants,+971 55 280 8969,971,https://adplants.com/,,,,https://www.facebook.com/adplantshop,https://www.instagram.com/adplantshop/,https://linkedin.com/company/adplants,https://x.com/adplantshop,,,,Interior plant service,Mina Souk - Sultan Bin Zayed the First St - Zayed Port - Harbour - Abu Dhabi - United Arab Emirates,24.516606,54.374927,https://www.google.com/maps?q=24.51660600%2C54.37492700,4.8,,,,8am–10pm,,,,
0x3e5d31260130bd11:0xbc401fcdc87eda9d,Al Ruwais Sewage Treatment Plant,,,,,,,,,,,,,,Sewage treatment plant,Al Ruwais Sewage Treatment Plant - Ghiyathi - Ghayathi East 1 - Abu Dhabi - United Arab Emirates,23.9616078,52.826134,https://www.google.com/maps?q=23.96160780%2C52.82613400,4,,,,,,,,
0x3e5e4161a74fcc95:0xc3a515bc5f563cde,مركز الإحصاء - أبوظبي Statistics Centre Abu Dhabi,+971 800 555,971,https://www.scad.gov.ae/,info@scad.gov.ae,info@scad.gov.ae,,https://www.facebook.com/sharer.php?u=https://www.scad.gov.ae/web/guest/w/foreign-investment-statistics-annually-2024,https://www.instagram.com/adstatistics/,https://www.linkedin.com/company/adstatistics/,https://twitter.com/intent/tweet?url=https://www.scad.gov.ae/web/guest/w/foreign-investment-statistics-annually-2024,https://www.youtube.com/user/adstatistics,,,Government office,مركز الإحصاء - أبوظبي Statistics Centre Abu Dhabi - Headquarter - Department of Government Enablement twofour54 Blue Building - Building 6 - Abu Dhabi - United Arab Emirates,24.4254176,54.4726099,https://www.google.com/maps?q=24.42541760%2C54.47260990,4.6,,,,8am–4pm,,,,
0x3e5d2d006025e199:0x56eae88d4715c016,Magma Waste Treatment Services,+971 2 893 3800,971,https://magmauae.com/,,,,,,,,,,,Waste management service,3QJ6+7GP Magma Waste Treatment Services - Al Ruwais Industrial City - Abu Dhabi - United Arab Emirates,24.0807074,52.7613258,https://www.google.com/maps?q=24.08070740%2C52.76132580,5,,,,8am–6pm,,,,
0x3e5e43dc64b5cfbf:0xcdb3f2ca9dba4523,United Al Saqer Group,+971 2 698 1111,971,http://www.alsaqergroup.com/,,,,,,,,,,,Venture Capital Fund,"United Al Saqer Group - BMW Bldng, Abu dhabi - Al Ain Rd, Bain Al Jessrain, Al Maqta - Abu Dhabi - United Arab Emirates",24.417327,54.495127,https://www.google.com/maps?q=24.41732700%2C54.49512700,4.2,,,,8am–5pm,,,,
0x3e5d334566dda8cb:0x7bf5990ac430e7c1,Readymix Abu Dhabi- Ghayathi Plant,+971 2 642 2040,971,http://www.rmad.com/,,,,,,https://www.linkedin.com/company/rmad/,,,,,Ready mix concrete supplier,Readymix Abu Dhabi- Ghayathi Plant - Ghiyathi - Ghayathi-al Ruwais Industrial - Abu Dhabi - United Arab Emirates,24.0185601,52.7876075,https://www.google.com/maps?q=24.01856010%2C52.78760750,,,,,Open 24 hours,,,,
0x3e42d52c3bc63523:0xcf679ca35f30747f,Alsilk Alsahi for Honey,+971 56 624 0290,971,http://www.sshoney.ae/,,,,,,,,,,,Food producer,Ruwais central park - Al Dhannah City - Abu Dhabi - United Arab Emirates,24.0664904,52.6495456,https://www.google.com/maps?q=24.06649040%2C52.64954560,,,,,7am–11pm,,,,
0x3e42d44248dc5453:0xe2327451c04b940c,Abu Dhabi Market,+971 2 877 5397,971,,,,,,,,,,,,Grocery store,Abu Dhabi Market - Al Dhannah City - Abu Dhabi - United Arab Emirates,24.0843655,52.6456616,https://www.google.com/maps?q=24.08436550%2C52.64566160,4,,,,7am–11pm,,,,
0x3e5d2df84b61bbeb:0x22900dbab565b9a7,Descon Engineering Maintenance Workshop,,,,,,,,,,,,,,Metal workshop,2QCH+JPQ Descon Engineering Maintenance Workshop - Ghiyathi - Ghayathi-al Ruwais Industrial - Abu Dhabi - United Arab Emirates,24.021588,52.779375,https://www.google.com/maps?q=24.02158800%2C52.77937500,4.2,,,,7am–6pm,,,,
0x3e5d2daf7839a36b:0xd4dbd50115cb575b,"Specialist Team Catering Services, Ruwais Accommodation Camp",+971 50 645 0287,971,,,,,,,,,,,,Oilfield,"Specialist Team Catering Services, Ruwais Accommodation Camp - PLOT NUMBER T1107, AL GAYATI ROAD, PO BOX 136375 - Abu Dhabi - United Arab Emirates",24.0428237,52.7543296,https://www.google.com/maps?q=24.04282370%2C52.75432960,3.6,,,,,,,,
0x3e42d57c94abd18f:0x6557f5e470b90766,NLS trade uae,+971 54 221 1121,971,,,,,,,,,,,,Food products supplier,3M82+PWH  city ( Aldana city - Al Ruwais Industrial City - Abu Dhabi - United Arab Emirates,24.0668067,52.6523471,https://www.google.com/maps?q=24.06680670%2C52.65234710,,,,,,,,,
0x3e5d376b47389961:0x9a34c7ae1aff2c90,FOOD JOINT FOOD STUFF TRADING LLC,+971 2 874 4441,971,,,,,,,,,,,,Food products supplier,FOOD JOINT FOOD STUFF TRADING LLC - Ghiyathi - Santa - Abu Dhabi - United Arab Emirates,23.9177475,52.8033197,https://www.google.com/maps?q=23.91774750%2C52.80331970,5,,,,8am–12pm,,,,
0x3e5d2b0059e0e179:0xdd284f0ea783f380,XLPE2,,,,,,,,,,,,,,Manufacturer,4QF5+6XR XLPE2 - Al Ruwais Industrial City - Abu Dhabi - United Arab Emirates,24.1231209,52.7598781,https://www.google.com/maps?q=24.12312090%2C52.75987810,,,,,,,,,
0x3e42d37a073c33a3:0x63375a446fb071d1,New Sewage Treatment Plant ADNOC,+971 2 602 7823,971,,,,,,,,,,,,Sewage treatment plant,3M48+7XF New Sewage Treatment Plant ADNOC - Al Dhannah City - Abu Dhabi - United Arab Emirates,24.0556846,52.6674274,https://www.google.com/maps?q=24.05568460%2C52.66742740,5,,,,Open 24 hours,,,,
0x3e5d2d5382f2a9d3:0x7516c040b2160124,Ready Mix Beton LLC | Ghiyathi Plant,+971 2 633 7580,971,http://www.readymixbeton.com/,,,202 2697 9977; 202 2697 9992,,,,,,,,Ready mix concrete supplier,Ready Mix Beton LLC | Ghiyathi Plant - Ghiyathi - Ghayathi-al Ruwais Industrial - Abu Dhabi - United Arab Emirates,24.0324888,52.7798702,https://www.google.com/maps?q=24.03248880%2C52.77987020,4.3,,,,,,,,
0x3e5d2da8700daef9:0xc8f18d450cbd685b,Al Asab EST. Gen. Transportation & Contracting - Gayathi Camp,,,,,,,,,,,,,,Transportation service,2PRX+F24 Al Asab EST. Gen. Transportation & Contracting - Gayathi Camp - Ghiyathi - Ghayathi-al Ruwais Industrial - Abu Dhabi - United Arab Emirates,24.041137,52.7475671,https://www.google.com/maps?q=24.04113700%2C52.74756710,4.4,,,,Open 24 hours,,,,
0x3e42d465c9777dd5:0x2418813755400833,AL ROWEIS SUPERMARKET,+971 56 460 3500,971,,,,,,,,,,,,Supermarket,AL ROWEIS SUPERMARKET - Al Ruwais Industrial City - Abu Dhabi - United Arab Emirates,24.0780786,52.6515524,https://www.google.com/maps?q=24.07807860%2C52.65155240,3.9,,,,8am–11:30pm,,,,
0x3e5d2500468368e7:0xe6653e4d22f74966,Xtramix Batching Plant H& G Ruwais,,,,,,,,,,,,,,Manufacturer,4V6P+FXJ Xtramix Batching Plant H& G Ruwais - Al Ruwais Industrial City - Abu Dhabi - United Arab Emirates,24.1112058,52.8874044,https://www.google.com/maps?q=24.11120580%2C52.88740440,,,,,,,,,
0x3e5d368de20c99cb:0x718c423ed671b4bc,Royal Future General Transport,+971 56 236 6555,971,https://royalfuturegroup.com/,info@royalfuturegroup.com,info@royalfuturegroup.com,9.72E+11,https://www.facebook.com/132873923239850,https://www.instagram.com/rfgroup_uae,,https://www.x.com/@rfgroup_uae,,,,Corporate office,Royal Future General Transport - Ghiyathi - Ruwais Industrial - Abu Dhabi - United Arab Emirates,24.0216664,52.7774247,https://www.google.com/maps?q=24.02166640%2C52.77742470,5,,,,8am–8pm,,,,
0x3e42d50944d98cfb:0x76c968f8c68de8a,Al ruwais vegetable and fruits shop,+971 2 877 5533,971,,,,,,,,,,,,Fruit and vegetable store,Al ruwais vegetable and fruits shop - Shop#D101 Road - Abu Dhabi - United Arab Emirates,24.0912009,52.6471469,https://www.google.com/maps?q=24.09120090%2C52.64714690,4.6,,,,6am–10:30pm,,,,
0x3e42d56854509c47:0xd0b06257e3373474,مراعي الجزيره,+971 50 531 4726,971,,,,,,,,,,,,Chicken & Mutton Shop,"مراعي الجزيره - Adnoc complex, Al Ruwais Market - Abu Dhabi - United Arab Emirates",24.0913953,52.6474152,https://www.google.com/maps?q=24.09139530%2C52.64741520,4,,,,7am–10pm,,,,
0x3e5d313fabbe7ef3:0x72621b7696e4d12a,Ruwais Tanker Filling Point for TSE Water,+971 56 390 1007,971,,,,,,,,,,,,Sewage treatment plant,XR5J+R64 Ruwais Tanker Filling Point for TSE Water - Al Ruwais - Ghayathi Road - Abu Dhabi - United Arab Emirates,23.9595217,52.8305652,https://www.google.com/maps?q=23.95952170%2C52.83056520,5,,,,,,,,
0x3ef5699120694a81:0x27e86c61f8a1f2ff,Emirates Bio Farm مزرعة الامارات البيولوجية,+971 3 783 8422,971,http://emiratesbiofarm.com/,,,,,,,,,,,Organic farm,"Emirates Bio Farm مزرعة الامارات البيولوجية - 24°41'03.3""N 55°44'32. - 8th St - Abu Dhabi - United Arab Emirates",24.6834587,55.7417156,https://www.google.com/maps?q=24.68345870%2C55.74171560,4.4,,,,9am–5pm,,,,
0x3e42d53c971789bf:0x9737d43d7534e956,LuLu Hypermarket - Al Dhannah Mall,+971 2 876 3322,971,https://www.luluhypermarket.com/en-ae,,,,,,,,,,,Hypermarket,LuLu Hypermarket - Al Dhannah Mall - Ruwais Mall - near NMC Ruwais Hospital - Al Dhannah City - Ruwais City - Abu Dhabi - United Arab Emirates,24.0754668,52.6715637,https://www.google.com/maps?q=24.07546680%2C52.67156370,4.2,,,,8am–12am,,,,
0x3e5d2d05f846dbe5:0x811da5b2d731e448,TRANSCO Ruwais 400KV/220KV Grid Station,,,,,,,,,,,,,,Electrical substation,3PMC+3FJ TRANSCO Ruwais 400KV/220KV Grid Station - Al Ruwais Industrial City - Abu Dhabi - United Arab Emirates,24.0827216,52.721141,https://www.google.com/maps?q=24.08272160%2C52.72114100,4.3,,,,,,,,
0x3e42d4451b6d412d:0xd10f82dc28a5f1dc,Al Ruwais Butchery,+971 2 877 5401,971,,,,,,,,,,,,Chicken & Mutton Shop,3JRW+CXP Al Ruwais Butchery - Al Dhannah City - Abu Dhabi - United Arab Emirates,24.0910898,52.647451,https://www.google.com/maps?q=24.09108980%2C52.64745100,3.8,,,,,,,,
0x3e5d2b803d55f893:0x23419f4553972369,Ruwais TSE Reservoir No. #03,,,,,,,,,,,,,,Water treatment plant,"3PVM+QVJ  Sewage Treatment Plant, TSE Reservoir - Al Ruwais Industrial City - Abu Dhabi - United Arab Emirates",24.0944621,52.7346371,https://www.google.com/maps?q=24.09446210%2C52.73463710,,,,,,,,,
0x3e5d368d7f49913f:0xb2ed9f2e4c954fe1,Food Point Food Stuff Trading,+971 2 874 4441,971,,,,,,,,,,,,Wholesaler,WR84+3V5 Food Point Food Stuff Trading - Ghiyathi - Ghayathi Industrial Area - Abu Dhabi - United Arab Emirates,23.9151392,52.8072372,https://www.google.com/maps?q=23.91513920%2C52.80723720,3.7,,,,8am–10pm,,,,
0x3e42d50af43ed677:0x64377f4a1e50cafe,Theater of Ruwais City,,,,,,,,,,,,,,Theater production,Theater of Ruwais City - Al Dhannah City - Abu Dhabi - United Arab Emirates,24.0793551,52.6426877,https://www.google.com/maps?q=24.07935510%2C52.64268770,3.3,,,,,,,,
0x3e42d57aee5ee045:0x9ab2b393e55b14d6,Recycling System,,,,,,,,,,,,,,Garbage dump,3MH3+J43 Recycling System - Al Dhannah City - مدينة الرويس - Abu Dhabi - United Arab Emirates,24.0787426,52.6525118,https://www.google.com/maps?q=24.07874260%2C52.65251180,5,,,,,,,,
0x3e5d2d7ff27ad605:0x2f3710b835a07cb4,Ferropan Oilfield Camp,+971 56 184 8355,971,,,,,,,,,,,,Serviced accommodation,Ferropan Oilfield Camp - 7 Ma Al Ward St - Ghiyathi - Ghayathi-al Ruwais Industrial - Abu Dhabi - United Arab Emirates,24.0390144,52.7634867,https://www.google.com/maps?q=24.03901440%2C52.76348670,3.5,,,,,,,,
0x3e5d2500208f0fcf:0xf850b5178e907ed8,NBTC READY MIX CONCRETE PLANT,,,,,,,,,,,,,,Manufacturer,4V5P+7F7 NBTC READY MIX CONCRETE PLANT - Al Ruwais Industrial City - Abu Dhabi - United Arab Emirates,24.108162,52.8861746,https://www.google.com/maps?q=24.10816200%2C52.88617460,,,,,,,,,
0x3e42d7061d7bb7bb:0x7ec6ea2a75e1d09,AL SURA EL FAEQA WASTES TRANSPORT - L.L.C - S.P.C,+971 56 550 9464,971,https://www.facebook.com/share/16knB7jYfm/?mibextid=wwXIfr,,,,,,,,,,,Waste transfer station,AL SURA EL FAEQA WASTES TRANSPORT - L.L.C - S.P.C - 88/4 - Al Yash St - Al Dhannah City - Abu Dhabi - United Arab Emirates,24.0859641,52.6118931,https://www.google.com/maps?q=24.08596410%2C52.61189310,,,,,9am–5pm,,,,
0x3e42d5054d4ea74d:0x1fc2621f6c24cd49,BAQALA RUWAIS GARDEN,+971 50 411 3362,971,https://baqalasavings.com/,,,,,,,,,,,General store,"BAQALA RUWAIS GARDEN - Q4303, near Ruwais-2 Park - Abu Dhabi - United Arab Emirates",24.0799593,52.6558007,https://www.google.com/maps?q=24.07995930%2C52.65580070,3.8,,,,Open 24 hours,,,,
0x3e42d4649beec207:0xa332d1bc607e16dc,Heritage Village Al Dhannah,+880 1714-335705,880,,,,,,,,,,,,Museum,3MG3+JPF Heritage Village Al Dhannah - Al Dhannah City - مدينة الرويس - Abu Dhabi - United Arab Emirates,24.076553,52.654287,https://www.google.com/maps?q=24.07655300%2C52.65428700,4.1,,,,,,,,
0x3e42d5c54b925409:0x89e3cb756f9c059b,Plantyard 12=SS4,,,,,,,,,,,,,,Electrical substation,3MJ4+PFH Plantyard 12=SS4 - Al Dhannah City - Abu Dhabi - United Arab Emirates,24.0820206,52.656659,https://www.google.com/maps?q=24.08202060%2C52.65665900,,,,,,,,,
0x3e5d2b139155a383:0x733e4e99e75a3194,MHC Gasoil Polishing Unit 872,,,,,,,,,,,,,,Oil refinery,4P6J+36F MHC Gasoil Polishing Unit 872 - Al Ruwais Industrial City - Abu Dhabi - United Arab Emirates,24.1101767,52.7305321,https://www.google.com/maps?q=24.11017670%2C52.73053210,,,,,,,,,
0x3e5d2d0037815fd7:0xb6b09f0567cb1bdd,Tajvand Workshop,+971 52 710 3384,971,,,,,,,,,,,,Machine workshop,2QCH+JG9 Tajvand Workshop - Ghiyathi - Ghayathi-al Ruwais Industrial - Abu Dhabi - United Arab Emirates,24.0215386,52.7788621,https://www.google.com/maps?q=24.02153860%2C52.77886210,4,,,,,,,,
0x3e5d2d18210e18cf:0x55e1844a8672b17c,ADWEA HV SUBSTATION,,,,,,,,,,,,,,Electrical substation,3PJC+X8P ADWEA HV SUBSTATION - Al Ruwais Industrial City - Abu Dhabi - United Arab Emirates,24.0824653,52.7208342,https://www.google.com/maps?q=24.08246530%2C52.72083420,,,,,,,,,
0x3e432a69fa6d2ea7:0xc58f47e199650fe3,Cheers Dhafra Shop,+971 2 877 0140,971,,,,,,,,,,,,Alcoholic beverage wholesaler,5J7V+3Q7 Cheers Dhafra Shop - Al Dhannah City - Abu Dhabi - United Arab Emirates,24.1626691,52.644409,https://www.google.com/maps?q=24.16266910%2C52.64440900,3.8,,,,9am–10pm,,,,
0x3e42d5954f0e162f:0xa410046120961355,SUBSTATION 203 CFP,,,,,,,,,,,,,,Electrical substation,4MCH+W6P SUBSTATION 203 CFP - Al Ruwais Industrial City - Abu Dhabi - United Arab Emirates,24.1223437,52.6780738,https://www.google.com/maps?q=24.12234370%2C52.67807380,,,,,,,,,
0x3e5d2730f147ed29:0xe62b3a97aa5c97bb,Mana'if,,,,,,,,,,,,,,Water treatment plant,4WQ5+57X Mana'if - Al Ruwais Industrial City - Abu Dhabi - United Arab Emirates,24.137984,52.9082364,https://www.google.com/maps?q=24.13798400%2C52.90823640,,,,,,,,,
0x3e5d3336d7aafb95:0xe3a57803c7f6ccf5,Xtramix Concrete Solutions - Ghayathi BP,,,,,,,,,,,,,,Ready mix concrete supplier,2Q8M+QGH Xtramix Concrete Solutions - Ghayathi BP - Ghiyathi - Ghayathi-al Ruwais Industrial - Abu Dhabi - United Arab Emirates,24.0169334,52.7838668,https://www.google.com/maps?q=24.01693340%2C52.78386680,4,,,,,,,,
0x3e42d59f6a0ce271:0x1b6fcebeb5a72f81,Plantyard 11=SS3,,,,,,,,,,,,,,Electrical substation,3MJ5+858 Plantyard 11=SS3 - Al Dhannah City - Abu Dhabi - United Arab Emirates,24.0802146,52.6585265,https://www.google.com/maps?q=24.08021460%2C52.65852650,,,,,,,,,
0x3e42d3000b3bdc8b:0x78f31904db4535b4,Adnoc New STP Tanker reception Area,,,,,,,,,,,,,,Waste transfer station,3M48+37C Adnoc New STP Tanker reception Area - Al Dhannah City - Abu Dhabi - United Arab Emirates,24.0551773,52.6656491,https://www.google.com/maps?q=24.05517730%2C52.66564910,,,,,,,,,
0x3e42d5a8d7289d9f:0xb31a7da8eb2ed091,Sewage lifting station 1A,,,,,,,,,,,,,,Sewage treatment plant,3MQG+F2W Sewage lifting station 1A - Sheikh Khalifa Rd - Al Dhannah City - Abu Dhabi - United Arab Emirates,24.088737,52.6750933,https://www.google.com/maps?q=24.08873700%2C52.67509330,,,,,,,,,
0x3e42d53d90bae2ed:0x739a51a84581cb61,Water Treatment Plant,+971 50 258 6129,971,,,,,,,,,,,,Water treatment plant,3MC5+774 Water Treatment Plant - Al Dhannah City - مدينة الرويس - Abu Dhabi - United Arab Emirates,24.0706458,52.6581878,https://www.google.com/maps?q=24.07064580%2C52.65818780,,,,,,,,,
0x3e42d589bb6085a1:0xe0d319d9346f088f,RRW PROJECT,,,,,,,,,,,,,,Oil refinery,4M89+7HF RRW PROJECT - Unnamed Road - Abu Dhabi - United Arab Emirates,24.1156994,52.6689351,https://www.google.com/maps?q=24.11569940%2C52.66893510,,,,,,,,,
0x3e5d2d005792e7f1:0x9d3fe3cd07d4319,Ghayathi Cattle Market,,,,,,,,,,,,,,Cattle farm,3QQ2+CXC Ghayathi Cattle Market - Ghayathi Rd - Al Ruwais Industrial City - Abu Dhabi - United Arab Emirates,24.0885662,52.7523972,https://www.google.com/maps?q=24.08856620%2C52.75239720,,,,,,,,,
0x3e5e3f1b19bc5a4f:0xadfc3e8fe2c81dd2,AL Ruwais Industrial Gases Co. LLC,+971 2 555 3809,971,,,,,,,,,,,,Industrial gas supplier,7FRR+X6H AL Ruwais Industrial Gases Co. LLC - Abu Dhabi Industrial City - ICAD III - Abu Dhabi - United Arab Emirates,24.2924266,54.490602,https://www.google.com/maps?q=24.29242660%2C54.49060200,3.9,,,,7am–4pm,,,,
0x3e42d500114a276b:0x8fbdcc9c469b8a4f,SEWAGE TREATMENT PLANT,,,,,,,,,,,,,,Sewage disposal service,3JJF+949 SEWAGE TREATMENT PLANT - Al Dhannah City - Abu Dhabi - United Arab Emirates,24.0809095,52.6228565,https://www.google.com/maps?q=24.08090950%2C52.62285650,,,,,,,,,
0x3e42d538077c3ccf:0x4f423db2f8677ae2,DAWN SUPERMARKET LLC,+971 56 889 8559,971,,,,,,,,,,,,Supermarket,CITY - BG-130 - Al Dhannah City - ADNOC HOUSING COMPLEX - Abu Dhabi - United Arab Emirates,24.0705078,52.6520611,https://www.google.com/maps?q=24.07050780%2C52.65206110,4.2,,,,5am–1am,,,,
0x3e42d5515eea2437:0xa2f5147c4c4bae42,Ruwais 3 Substation,,,,,,,,,,,,,,Electrical substation,3MH4+GRG Ruwais 3 Substation - Al Dhannah City - Abu Dhabi - United Arab Emirates,24.078811,52.6570729,https://www.google.com/maps?q=24.07881100%2C52.65707290,2,,,,,,,,
